{
"hi":"*~හායිම් කෝමද ඔයාට 👀⃝💭⃝🌼~*",
"Mk":"මුකුත් නැ අනේ...*🤭♥\n\n`ඔයා මොකො කරන්නෙ🌝⃟⃙⃔🙀⃝💦⃚`",
"mn":"*Mn කියන්නෙ ඇයි මොකුත් නෑ කියන්න බෑද ළමයෝ 🙈⃝⃔🌼*",
"pako":"*~ගෙදර්ට ගිහිම් බලපන් පොඩ්ඩක් 😹⃝⃔🔥~*",
"Rika":"*රිකාඩො තමා මාව හැදුවේ..🥹⃝⃬⃐⃡♥*\n\n*THANKS FOR CYBER SHAMIYA~*",
"හුත්තො":"කුනු හරප කියන්න එපා මෝඩයෝ..😳😁\n\n`අයියො උබට හුත්තක්ද තියෙන්නෙ😹🙀`",
"huththo":"කුනු හරප කියන්න එපා මෝඩයෝ.😒⃝⃬⃔💘",
"කෑවද":"ඔව් ඔයා කෑවද?...☺♥",
"SHAMIKA":"ෂමික මාර කැරියෙක් නේද..🙊⃕⃟⃘🙈",
"Good morning":"*😍ගුට් මෝනිම් සුදූ🤭⃝⃪⃕🥇̶⃮⃖😻̶᭄*",
"Good night":"*සුබ රාත්‍රියක් ලස්සන ලමයෝ..😴⃞⃝⃘⃔😴*",
"Gm":"*😍ගුට් මෝනිම් සුදූ🤭⃝⃪⃕🥇̶⃮⃖😻̶᭄*",
"Gn":"*සුබ රාත්‍රියක් ලස්සන ලමයෝ..😒⃝⃘⃔💖*",
"I LOVE YOU":"LOVE ME..💞",
"ponnaya":"*~මන් පෙන්නෙයක් නම් උබ ඔහොම ඉන්නෙ නැ අනෙ...😓⃞⃪⃨⃜⃜⃩⃩⃩⃩💙~*\n\n`DADDY SAD🙀💦`",
"sudu":"ඔහ් කියන්න මැනිකෙ...💙⃝⃘⃔😫",
"hey":"*~හායිම් සූදු...කොහොමද 👀⃞⃔🦋⃝⃡👑~*",
"sorry":"*අනෙහ් 🥺⃝⃔😊...පිස්සුද ඈයි සොරි....🥺⃞⃘⃘⃙⃔🦋*",
"kawada":"*ඔව් ආනෙහ් මන් කාවාහ් 😌....*\n\n`ඔයාහ් කෑවද😋`",
"mokada karanne":"මුකූත් නෑ ආනෙහ්.😩🧶..\n\n`ඔයා මොකොහ් කරන්නෙ🙄🎭🎀`",
"ko oya":"රිකා බෙට් ඉන්නවා ආනෙ",
"Bot":"මව හැදූවෙ රිකාඩො", 
"hmmm":"*~හ්ම් හ්ම් ගන්න එපා අනෙ🩹💔✨~*",
"Mm":"*~ඇයි අනෙහ් ම්ම්ම් ම්ම්ම් ගාන්නෙ🙂🩹✨~*",
"Mmm":"*~Hmmmmmmmmmmmmmmmmmmmmm.....💔🩹✨~*",
"kohomad oyata":"_*හොදයි..😩⃝⃫⃔🧩..ඔයාට කොහොමද🥺🫀⃞⃙⃧⃕👅*_"
}
