{
".alive":"https://github.com/Cyberrikado/Shamika/raw/refs/heads/main/RIKA/ithim%20ithim%20lassana%20lamayo%20orginal.mp3",
"mk":"https://github.com/Cyberrikado/Shamika/raw/refs/heads/main/RIKA/%E0%B6%B8%E0%B7%9C%E0%B6%9A%E0%B6%AF%20%E0%B6%9A%E0%B6%BB%E0%B6%B1%E0%B7%8A%E0%B6%B1%E0%B7%99%20%E0%B7%86%E0%B7%8F%E0%B6%AD%E0%B7%92%E0%B6%B8%E0%B7%8F.mp3",
"huththo":"https://github.com/Cyberrikado/Shamika/raw/refs/heads/main/RIKA/AudioMix_kunuharpa.mp3",
"pako":"https://github.com/Cyberrikado/Shamika/raw/refs/heads/main/RIKA/AudioMix_kunuharpa.mp3",
"ponnaya":"https://github.com/Cyberrikado/Shamika/raw/refs/heads/main/RIKA/AudioMix_kunuharpa.mp3",
"හුත්තො":"https://github.com/Cyberrikado/Shamika/raw/refs/heads/main/RIKA/AudioMix_kunuharpa.mp3",
"පකො":"https://github.com/Cyberrikado/Shamika/raw/refs/heads/main/RIKA/AudioMix_kunuharpa.mp3",
"පකයා":"https://github.com/Cyberrikado/Shamika/raw/refs/heads/main/RIKA/AudioMix_kunuharpa.mp3",
"පොන්නයා":"https://github.com/Cyberrikado/Shamika/raw/refs/heads/main/RIKA/AudioMix_kunuharpa.mp3",
"පොන්නයො":"https://github.com/Cyberrikado/Shamika/raw/refs/heads/main/RIKA/AudioMix_kunuharpa.mp3",
"හුකාපන්":"https://github.com/Cyberrikado/Shamika/raw/refs/heads/main/RIKA/AudioMix_kunuharpa.mp3",
"kawada":"https://github.com/Cyberrikado/Shamika/raw/refs/heads/main/RIKA/AudioMix_kawada.mp3",
"කැවද":"https://github.com/Cyberrikado/Shamika/raw/refs/heads/main/RIKA/AudioMix_kawada.mp3",
"kawade":"https://github.com/Cyberrikado/Shamika/raw/refs/heads/main/RIKA/AudioMix_kawada.mp3",
"Shamika":"https://github.com/Cyberrikado/Shamika/raw/refs/heads/main/RIKA/AudioMix_shami%20ba%20ba%20thama.mp3",
"rikado":"https://github.com/Cyberrikado/Shamika/raw/refs/heads/main/RIKA/AudioMix_shami%20ba%20ba%20thama.mp3",
"rika":"https://github.com/Cyberrikado/Shamika/raw/refs/heads/main/RIKA/AudioMix_shami%20ba%20ba%20thama.mp3",
"shami ba ba":"https://github.com/Cyberrikado/Shamika/raw/refs/heads/main/RIKA/AudioMix_shami%20ba%20ba%20thama.mp3",
"Hi":"https://github.com/Cyberrikado/Shamika/raw/refs/heads/main/RIKA/hi_hi-lassana-lamayo-organal.mp3",
"hey":"https://github.com/Cyberrikado/Shamika/raw/refs/heads/main/RIKA/hi_hi-lassana-lamayo-organal.mp3"
}